SourceFile,Executable,RunCount,LastRun,AllRunTimes,FilesLoaded
AM_DELTA.EXE-78CA83B0.pf,AM_DELTA.EXE,1,2020-09-18 22:44:32.551352,2020-09-18 22:44:32.551352; 1601-01-01 00:00:00; 1601-01-01 00:00:00; 1601-01-01 00:00:00; 1601-01-01 00:00:00; 1601-01-01 00:00:00; 1601-01-01 00:00:00; 1601-01-01 00:00:00,13
APPLICATIONFRAMEHOST.EXE-8CE9A1EE.pf,APPLICATIONFRAMEHOST.EXE,7,2020-09-19 01:07:38.271391,2020-09-19 01:07:38.271391; 2020-09-18 23:00:03.062904; 2020-09-18 22:52:52.378024; 2020-09-18 22:47:02.955786; 2020-09-18 22:44:35.972958; 2020-09-18 21:40:35.830068; 2020-09-18 05:51:11.174443; 1601-01-01 00:00:00,77
AUDIODG.EXE-AB22E9A6.pf,AUDIODG.EXE,8,2020-09-19 05:18:45.487572,2020-09-19 05:18:45.487572; 2020-09-19 05:08:58.718968; 2020-09-19 03:46:58.754626; 2020-09-19 03:39:08.062918; 2020-09-19 01:08:14.957884; 2020-09-18 23:00:32.851220; 2020-09-18 21:41:40.189084; 2020-09-18 05:47:32.405034,79
BACKGROUNDTASKHOST.EXE-0BC8566F.pf,BACKGROUNDTASKHOST.EXE,1,2020-09-18 23:01:20.209462,2020-09-18 23:01:20.209462; 1601-01-01 00:00:00; 1601-01-01 00:00:00; 1601-01-01 00:00:00; 1601-01-01 00:00:00; 1601-01-01 00:00:00; 1601-01-01 00:00:00; 1601-01-01 00:00:00,40
BACKGROUNDTASKHOST.EXE-11E39F86.pf,BACKGROUNDTASKHOST.EXE,3,2020-09-19 03:39:11.082106,2020-09-19 03:39:11.082106; 2020-09-18 23:00:35.804656; 2020-09-18 22:47:03.346471; 1601-01-01 00:00:00; 1601-01-01 00:00:00; 1601-01-01 00:00:00; 1601-01-01 00:00:00; 1601-01-01 00:00:00,52
BACKGROUNDTASKHOST.EXE-616CC033.pf,BACKGROUNDTASKHOST.EXE,3,2020-09-19 03:36:37.988411,2020-09-19 03:36:37.988411; 2020-09-18 22:44:26.407135; 2020-09-18 05:50:06.080718; 1601-01-01 00:00:00; 1601-01-01 00:00:00; 1601-01-01 00:00:00; 1601-01-01 00:00:00; 1601-01-01 00:00:00,158
BACKGROUNDTASKHOST.EXE-74EF8E2C.pf,BACKGROUNDTASKHOST.EXE,6,2020-09-18 22:46:53.488868,2020-09-18 22:46:53.488868; 2020-09-18 22:46:53.175712; 2020-09-18 22:44:30.299579; 2020-09-18 22:44:29.768270; 2020-09-18 05:50:13.268360; 2020-09-18 05:50:12.143417; 1601-01-01 00:00:00; 1601-01-01 00:00:00,83
BACKGROUNDTASKHOST.EXE-AFDB9C9D.pf,BACKGROUNDTASKHOST.EXE,1,2020-09-18 23:01:18.803799,2020-09-18 23:01:18.803799; 1601-01-01 00:00:00; 1601-01-01 00:00:00; 1601-01-01 00:00:00; 1601-01-01 00:00:00; 1601-01-01 00:00:00; 1601-01-01 00:00:00; 1601-01-01 00:00:00,38
BACKGROUNDTASKHOST.EXE-C7D25CAC.pf,BACKGROUNDTASKHOST.EXE,2,2020-09-18 22:47:03.268260,2020-09-18 22:47:03.268260; 2020-09-18 22:44:36.409988; 1601-01-01 00:00:00; 1601-01-01 00:00:00; 1601-01-01 00:00:00; 1601-01-01 00:00:00; 1601-01-01 00:00:00; 1601-01-01 00:00:00,49
BACKGROUNDTASKHOST.EXE-C84D46ED.pf,BACKGROUNDTASKHOST.EXE,1,2020-09-18 23:00:46.556998,2020-09-18 23:00:46.556998; 1601-01-01 00:00:00; 1601-01-01 00:00:00; 1601-01-01 00:00:00; 1601-01-01 00:00:00; 1601-01-01 00:00:00; 1601-01-01 00:00:00; 1601-01-01 00:00:00,34
BACKGROUNDTRANSFERHOST.EXE-621DBAF8.pf,BACKGROUNDTRANSFERHOST.EXE,1,2020-09-18 23:02:47.321443,2020-09-18 23:02:47.321443; 1601-01-01 00:00:00; 1601-01-01 00:00:00; 1601-01-01 00:00:00; 1601-01-01 00:00:00; 1601-01-01 00:00:00; 1601-01-01 00:00:00; 1601-01-01 00:00:00,45
BACKGROUNDTRANSFERHOST.EXE-729FA41A.pf,BACKGROUNDTRANSFERHOST.EXE,3,2020-09-19 05:10:09.565750,2020-09-19 05:10:09.565750; 2020-09-19 03:52:09.333587; 2020-09-19 03:16:11.358379; 1601-01-01 00:00:00; 1601-01-01 00:00:00; 1601-01-01 00:00:00; 1601-01-01 00:00:00; 1601-01-01 00:00:00,49
BACKGROUNDTRANSFERHOST.EXE-F7F15BDD.pf,BACKGROUNDTRANSFERHOST.EXE,4,2020-09-19 05:10:45.771452,2020-09-19 05:10:45.771452; 2020-09-19 05:10:45.569016; 2020-09-19 05:10:43.880728; 2020-09-19 05:10:43.615129; 1601-01-01 00:00:00; 1601-01-01 00:00:00; 1601-01-01 00:00:00; 1601-01-01 00:00:00,50
BROWSER_BROKER.EXE-EEC8D935.pf,BROWSER_BROKER.EXE,8,2020-09-19 03:44:53.113586,2020-09-19 03:44:53.113586; 2020-09-19 03:40:01.441360; 2020-09-19 01:07:38.662063; 2020-09-18 23:09:47.421546; 2020-09-18 23:00:03.421893; 2020-09-18 22:47:03.190073; 2020-09-18 21:40:36.564373; 2020-09-18 05:51:12.158854,69
BYTECODEGENERATOR.EXE-FB938A53.pf,BYTECODEGENERATOR.EXE,4,2020-09-19 03:16:37.141781,2020-09-19 03:16:37.141781; 2020-09-18 21:41:54.907126; 2020-09-18 21:41:45.266665; 2020-09-18 05:50:00.221458; 1601-01-01 00:00:00; 1601-01-01 00:00:00; 1601-01-01 00:00:00; 1601-01-01 00:00:00,46
CHXSMARTSCREEN.EXE-D6E6DEB7.pf,CHXSMARTSCREEN.EXE,1,2020-09-19 03:40:46.035506,2020-09-19 03:40:46.035506; 1601-01-01 00:00:00; 1601-01-01 00:00:00; 1601-01-01 00:00:00; 1601-01-01 00:00:00; 1601-01-01 00:00:00; 1601-01-01 00:00:00; 1601-01-01 00:00:00,137
CMD.EXE-0BD30981.pf,CMD.EXE,9,2020-09-19 05:08:37.532877,2020-09-19 05:08:37.532877; 2020-09-19 03:43:14.990879; 2020-09-19 03:41:06.535420; 2020-09-19 03:13:21.050747; 2020-09-19 01:08:19.954095; 2020-09-19 01:07:56.584294; 2020-09-18 22:53:11.065740; 2020-09-18 22:53:11.081569,25
COMREG.EXE-B18E07FD.pf,COMREG.EXE,1,2020-09-18 05:53:50.757122,2020-09-18 05:53:50.757122; 1601-01-01 00:00:00; 1601-01-01 00:00:00; 1601-01-01 00:00:00; 1601-01-01 00:00:00; 1601-01-01 00:00:00; 1601-01-01 00:00:00; 1601-01-01 00:00:00,29
CONHOST.EXE-0C6456FB.pf,CONHOST.EXE,19,2020-09-19 05:08:37.546954,2020-09-19 05:08:37.546954; 2020-09-19 04:30:13.465267; 2020-09-19 03:41:06.566426; 2020-09-19 03:29:59.701428; 2020-09-19 03:16:20.530634; 2020-09-19 03:13:21.363364; 2020-09-19 03:13:21.082185; 2020-09-19 01:34:09.779266,81
CONSENT.EXE-40419367.pf,CONSENT.EXE,8,2020-09-19 05:09:54.089279,2020-09-19 05:09:54.089279; 2020-09-19 01:08:14.801420; 2020-09-18 22:54:24.941479; 2020-09-18 22:53:03.456495; 2020-09-18 21:41:42.408537; 2020-09-18 04:58:06.095166; 2020-09-18 05:56:52.674921; 2020-09-18 05:52:01.031638,157
CONTROL.EXE-6EA5489A.pf,CONTROL.EXE,2,2020-09-18 21:41:18.258881,2020-09-18 21:41:18.258881; 2020-09-18 05:56:45.894140; 1601-01-01 00:00:00; 1601-01-01 00:00:00; 1601-01-01 00:00:00; 1601-01-01 00:00:00; 1601-01-01 00:00:00; 1601-01-01 00:00:00,76
COREUPDATER.EXE-157C54BB.pf,COREUPDATER.EXE,1,2020-09-19 03:40:49.410320,2020-09-19 03:40:49.410320; 1601-01-01 00:00:00; 1601-01-01 00:00:00; 1601-01-01 00:00:00; 1601-01-01 00:00:00; 1601-01-01 00:00:00; 1601-01-01 00:00:00; 1601-01-01 00:00:00,51
CSRSS.EXE-F3C368CB.pf,CSRSS.EXE,5,2020-09-19 03:36:23.016226,2020-09-19 03:36:23.016226; 2020-09-19 03:17:00.843595; 2020-09-18 22:52:31.253257; 2020-09-18 22:45:55.988437; 2020-09-18 05:49:38.565083; 1601-01-01 00:00:00; 1601-01-01 00:00:00; 1601-01-01 00:00:00,53
CTFMON.EXE-795F8130.pf,CTFMON.EXE,3,2020-09-19 03:15:59.374176,2020-09-19 03:15:59.374176; 2020-09-18 22:52:54.175579; 2020-09-18 22:46:41.660168; 1601-01-01 00:00:00; 1601-01-01 00:00:00; 1601-01-01 00:00:00; 1601-01-01 00:00:00; 1601-01-01 00:00:00,59
DASHOST.EXE-4B84F273.pf,DASHOST.EXE,1,2020-09-18 04:58:09.423309,2020-09-18 04:58:09.423309; 1601-01-01 00:00:00; 1601-01-01 00:00:00; 1601-01-01 00:00:00; 1601-01-01 00:00:00; 1601-01-01 00:00:00; 1601-01-01 00:00:00; 1601-01-01 00:00:00,49
DEFRAG.EXE-3D9E8D72.pf,DEFRAG.EXE,1,2020-09-19 01:34:09.779266,2020-09-19 01:34:09.779266; 1601-01-01 00:00:00; 1601-01-01 00:00:00; 1601-01-01 00:00:00; 1601-01-01 00:00:00; 1601-01-01 00:00:00; 1601-01-01 00:00:00; 1601-01-01 00:00:00,32
DLLHOST.EXE-15CDDA9C.pf,DLLHOST.EXE,7,2020-09-19 03:39:04.238600,2020-09-19 03:39:04.238600; 2020-09-19 03:16:14.486824; 2020-09-19 01:08:12.240231; 2020-09-18 22:53:55.034290; 2020-09-18 21:41:07.209842; 2020-09-18 05:53:58.882521; 2020-09-18 05:47:31.186346; 1601-01-01 00:00:00,68
DLLHOST.EXE-4427C062.pf,DLLHOST.EXE,2,2020-09-18 22:47:40.690259,2020-09-18 22:47:40.690259; 2020-09-18 05:47:38.828331; 1601-01-01 00:00:00; 1601-01-01 00:00:00; 1601-01-01 00:00:00; 1601-01-01 00:00:00; 1601-01-01 00:00:00; 1601-01-01 00:00:00,44
DLLHOST.EXE-4B6CB38A.pf,DLLHOST.EXE,10,2020-09-19 03:36:33.427041,2020-09-19 03:36:33.427041; 2020-09-18 22:47:02.924663; 2020-09-18 22:44:35.942057; 2020-09-18 05:51:20.299533; 2020-09-18 05:49:56.003473; 2020-09-18 05:49:12.520037; 2020-09-18 05:48:47.267694; 2020-09-18 05:48:09.272377,74
DLLHOST.EXE-4F1B3E7E.pf,DLLHOST.EXE,1,2020-09-18 05:47:27.045624,2020-09-18 05:47:27.045624; 1601-01-01 00:00:00; 1601-01-01 00:00:00; 1601-01-01 00:00:00; 1601-01-01 00:00:00; 1601-01-01 00:00:00; 1601-01-01 00:00:00; 1601-01-01 00:00:00,43
DLLHOST.EXE-5DC108BA.pf,DLLHOST.EXE,1,2020-09-19 05:09:52.276848,2020-09-19 05:09:52.276848; 1601-01-01 00:00:00; 1601-01-01 00:00:00; 1601-01-01 00:00:00; 1601-01-01 00:00:00; 1601-01-01 00:00:00; 1601-01-01 00:00:00; 1601-01-01 00:00:00,65
DLLHOST.EXE-6389524F.pf,DLLHOST.EXE,3,2020-09-19 03:36:24.754159,2020-09-19 03:36:24.754159; 2020-09-18 22:46:40.081831; 2020-09-18 05:49:09.307382; 1601-01-01 00:00:00; 1601-01-01 00:00:00; 1601-01-01 00:00:00; 1601-01-01 00:00:00; 1601-01-01 00:00:00,39
DLLHOST.EXE-8A53FEB5.pf,DLLHOST.EXE,1,2020-09-18 04:58:06.610913,2020-09-18 04:58:06.610913; 1601-01-01 00:00:00; 1601-01-01 00:00:00; 1601-01-01 00:00:00; 1601-01-01 00:00:00; 1601-01-01 00:00:00; 1601-01-01 00:00:00; 1601-01-01 00:00:00,44
DLLHOST.EXE-960426D8.pf,DLLHOST.EXE,1,2020-09-18 05:47:26.890448,2020-09-18 05:47:26.890448; 1601-01-01 00:00:00; 1601-01-01 00:00:00; 1601-01-01 00:00:00; 1601-01-01 00:00:00; 1601-01-01 00:00:00; 1601-01-01 00:00:00; 1601-01-01 00:00:00,40
DLLHOST.EXE-A010D183.pf,DLLHOST.EXE,2,2020-09-18 05:52:34.525553,2020-09-18 05:52:34.525553; 2020-09-18 05:52:13.822503; 1601-01-01 00:00:00; 1601-01-01 00:00:00; 1601-01-01 00:00:00; 1601-01-01 00:00:00; 1601-01-01 00:00:00; 1601-01-01 00:00:00,28
DLLHOST.EXE-ACFEFA21.pf,DLLHOST.EXE,2,2020-09-18 21:40:36.861281,2020-09-18 21:40:36.861281; 2020-09-18 05:49:49.174411; 1601-01-01 00:00:00; 1601-01-01 00:00:00; 1601-01-01 00:00:00; 1601-01-01 00:00:00; 1601-01-01 00:00:00; 1601-01-01 00:00:00,92
DLLHOST.EXE-BF54A4C5.pf,DLLHOST.EXE,1,2020-09-18 05:56:53.142660,2020-09-18 05:56:53.142660; 1601-01-01 00:00:00; 1601-01-01 00:00:00; 1601-01-01 00:00:00; 1601-01-01 00:00:00; 1601-01-01 00:00:00; 1601-01-01 00:00:00; 1601-01-01 00:00:00,107
DLLHOST.EXE-C60C3853.pf,DLLHOST.EXE,2,2020-09-19 03:36:32.348563,2020-09-19 03:36:32.348563; 2020-09-18 05:47:53.499686; 1601-01-01 00:00:00; 1601-01-01 00:00:00; 1601-01-01 00:00:00; 1601-01-01 00:00:00; 1601-01-01 00:00:00; 1601-01-01 00:00:00,28
DLLHOST.EXE-E9BDD97B.pf,DLLHOST.EXE,16,2020-09-19 05:09:05.751451,2020-09-19 05:09:05.751451; 2020-09-19 03:44:53.754224; 2020-09-19 03:39:04.207371; 2020-09-19 03:16:14.374344; 2020-09-19 01:08:12.177704; 2020-09-18 23:09:48.139994; 2020-09-18 23:01:47.455238; 2020-09-18 23:01:40.105989,27
DRVINST.EXE-39D9EAC7.pf,DRVINST.EXE,11,2020-09-19 05:08:58.875829,2020-09-19 05:08:58.875829; 2020-09-18 05:53:22.353627; 2020-09-18 05:53:21.306549; 2020-09-18 05:53:19.868912; 2020-09-18 05:53:18.072340; 2020-09-18 05:53:13.931433; 2020-09-18 05:53:13.410136; 2020-09-18 05:53:12.525096,125
DWM.EXE-314E93C5.pf,DWM.EXE,5,2020-09-19 03:36:23.328437,2020-09-19 03:36:23.328437; 2020-09-19 03:17:01.061778; 2020-09-18 22:52:31.487611; 2020-09-18 22:45:56.175548; 2020-09-18 05:49:38.972267; 1601-01-01 00:00:00; 1601-01-01 00:00:00; 1601-01-01 00:00:00,121
EXPLORER.EXE-D5E97654.pf,EXPLORER.EXE,5,2020-09-19 05:08:16.249686,2020-09-19 05:08:16.249686; 2020-09-19 03:15:59.905420; 2020-09-18 22:46:41.363772; 2020-09-18 21:41:18.415473; 2020-09-18 05:56:46.595750; 1601-01-01 00:00:00; 1601-01-01 00:00:00; 1601-01-01 00:00:00,638
FILESYNCCONFIG.EXE-17AB0230.pf,FILESYNCCONFIG.EXE,1,2020-09-18 22:44:57.519292,2020-09-18 22:44:57.519292; 1601-01-01 00:00:00; 1601-01-01 00:00:00; 1601-01-01 00:00:00; 1601-01-01 00:00:00; 1601-01-01 00:00:00; 1601-01-01 00:00:00; 1601-01-01 00:00:00,53
FILESYNCCONFIG.EXE-2A1D7AE2.pf,FILESYNCCONFIG.EXE,1,2020-09-18 22:47:48.347195,2020-09-18 22:47:48.347195; 1601-01-01 00:00:00; 1601-01-01 00:00:00; 1601-01-01 00:00:00; 1601-01-01 00:00:00; 1601-01-01 00:00:00; 1601-01-01 00:00:00; 1601-01-01 00:00:00,49
FILESYNCCONFIG.EXE-3C280014.pf,FILESYNCCONFIG.EXE,1,2020-09-18 05:56:29.939889,2020-09-18 05:56:29.939889; 1601-01-01 00:00:00; 1601-01-01 00:00:00; 1601-01-01 00:00:00; 1601-01-01 00:00:00; 1601-01-01 00:00:00; 1601-01-01 00:00:00; 1601-01-01 00:00:00,55
FILESYNCCONFIG.EXE-56B37223.pf,FILESYNCCONFIG.EXE,1,2020-09-18 22:45:24.253958,2020-09-18 22:45:24.253958; 1601-01-01 00:00:00; 1601-01-01 00:00:00; 1601-01-01 00:00:00; 1601-01-01 00:00:00; 1601-01-01 00:00:00; 1601-01-01 00:00:00; 1601-01-01 00:00:00,51
FILESYNCCONFIG.EXE-701A6267.pf,FILESYNCCONFIG.EXE,1,2020-09-19 03:37:33.988200,2020-09-19 03:37:33.988200; 1601-01-01 00:00:00; 1601-01-01 00:00:00; 1601-01-01 00:00:00; 1601-01-01 00:00:00; 1601-01-01 00:00:00; 1601-01-01 00:00:00; 1601-01-01 00:00:00,51
FILESYNCCONFIG.EXE-7B307007.pf,FILESYNCCONFIG.EXE,1,2020-09-18 21:41:09.883845,2020-09-18 21:41:09.883845; 1601-01-01 00:00:00; 1601-01-01 00:00:00; 1601-01-01 00:00:00; 1601-01-01 00:00:00; 1601-01-01 00:00:00; 1601-01-01 00:00:00; 1601-01-01 00:00:00,50
FILESYNCCONFIG.EXE-EB150AEF.pf,FILESYNCCONFIG.EXE,1,2020-09-18 22:47:21.706099,2020-09-18 22:47:21.706099; 1601-01-01 00:00:00; 1601-01-01 00:00:00; 1601-01-01 00:00:00; 1601-01-01 00:00:00; 1601-01-01 00:00:00; 1601-01-01 00:00:00; 1601-01-01 00:00:00,51
FIRSTLOGONANIM.EXE-FA0BF656.pf,FIRSTLOGONANIM.EXE,2,2020-09-18 22:46:41.519359,2020-09-18 22:46:41.519359; 2020-09-18 05:49:39.268438; 1601-01-01 00:00:00; 1601-01-01 00:00:00; 1601-01-01 00:00:00; 1601-01-01 00:00:00; 1601-01-01 00:00:00; 1601-01-01 00:00:00,106
FODHELPER.EXE-7F1ED892.pf,FODHELPER.EXE,1,2020-09-18 05:49:10.950418,2020-09-18 05:49:10.950418; 1601-01-01 00:00:00; 1601-01-01 00:00:00; 1601-01-01 00:00:00; 1601-01-01 00:00:00; 1601-01-01 00:00:00; 1601-01-01 00:00:00; 1601-01-01 00:00:00,26
FONTDRVHOST.EXE-8152304A.pf,FONTDRVHOST.EXE,5,2020-09-19 03:36:23.328437,2020-09-19 03:36:23.328437; 2020-09-19 03:17:01.093169; 2020-09-18 22:52:31.503539; 2020-09-18 22:45:56.191442; 2020-09-18 05:49:38.972267; 1601-01-01 00:00:00; 1601-01-01 00:00:00; 1601-01-01 00:00:00,35
FSQUIRT.EXE-A8FF1DEB.pf,FSQUIRT.EXE,1,2020-09-18 05:51:22.908917,2020-09-18 05:51:22.908917; 1601-01-01 00:00:00; 1601-01-01 00:00:00; 1601-01-01 00:00:00; 1601-01-01 00:00:00; 1601-01-01 00:00:00; 1601-01-01 00:00:00; 1601-01-01 00:00:00,66
FTK IMAGER.EXE-E67CC266.pf,FTK IMAGER.EXE,1,2020-09-19 05:09:56.191578,2020-09-19 05:09:56.191578; 1601-01-01 00:00:00; 1601-01-01 00:00:00; 1601-01-01 00:00:00; 1601-01-01 00:00:00; 1601-01-01 00:00:00; 1601-01-01 00:00:00; 1601-01-01 00:00:00,151
GENVALOBJ.EXE-12FC6795.pf,GENVALOBJ.EXE,1,2020-09-18 04:58:07.579389,2020-09-18 04:58:07.579389; 1601-01-01 00:00:00; 1601-01-01 00:00:00; 1601-01-01 00:00:00; 1601-01-01 00:00:00; 1601-01-01 00:00:00; 1601-01-01 00:00:00; 1601-01-01 00:00:00,66
GPUPDATE.EXE-7EBA4B6F.pf,GPUPDATE.EXE,6,2020-09-19 04:30:13.465267,2020-09-19 04:30:13.465267; 2020-09-19 03:29:59.701428; 2020-09-19 03:16:20.516668; 2020-09-19 03:16:20.516668; 2020-09-19 03:13:21.317116; 2020-09-19 01:32:08.986730; 1601-01-01 00:00:00; 1601-01-01 00:00:00,22
IPCONFIG.EXE-BFEC2AD0.pf,IPCONFIG.EXE,1,2020-09-19 03:13:21.332097,2020-09-19 03:13:21.332097; 1601-01-01 00:00:00; 1601-01-01 00:00:00; 1601-01-01 00:00:00; 1601-01-01 00:00:00; 1601-01-01 00:00:00; 1601-01-01 00:00:00; 1601-01-01 00:00:00,17
LOCALBRIDGE.EXE-60F55773.pf,LOCALBRIDGE.EXE,2,2020-09-18 22:53:52.971873,2020-09-18 22:53:52.971873; 2020-09-18 21:41:55.500880; 1601-01-01 00:00:00; 1601-01-01 00:00:00; 1601-01-01 00:00:00; 1601-01-01 00:00:00; 1601-01-01 00:00:00; 1601-01-01 00:00:00,151
LOGONUI.EXE-F639BD7E.pf,LOGONUI.EXE,9,2020-09-19 03:52:12.317605,2020-09-19 03:52:12.317605; 2020-09-19 03:36:23.281541; 2020-09-19 03:17:01.046192; 2020-09-19 03:16:59.249741; 2020-09-18 22:52:31.456097; 2020-09-18 22:52:30.051351; 2020-09-18 22:45:56.144538; 2020-09-18 22:45:54.724007,201
LPREMOVE.EXE-570BDFF7.pf,LPREMOVE.EXE,1,2020-09-18 05:47:54.624641,2020-09-18 05:47:54.624641; 1601-01-01 00:00:00; 1601-01-01 00:00:00; 1601-01-01 00:00:00; 1601-01-01 00:00:00; 1601-01-01 00:00:00; 1601-01-01 00:00:00; 1601-01-01 00:00:00,14
MICROSOFTEDGE.EXE-F63C1488.pf,MICROSOFTEDGE.EXE,7,2020-09-19 03:44:52.957709,2020-09-19 03:44:52.957709; 2020-09-19 01:07:38.302517; 2020-09-18 23:09:47.312188; 2020-09-18 23:00:03.031388; 2020-09-18 22:52:52.409553; 2020-09-18 22:47:02.971553; 2020-09-18 21:40:35.767511; 1601-01-01 00:00:00,239
MICROSOFTEDGECP.EXE-87A5AEE5.pf,MICROSOFTEDGECP.EXE,15,2020-09-19 03:44:53.285544,2020-09-19 03:44:53.285544; 2020-09-19 03:39:12.395953; 2020-09-19 03:39:03.302239; 2020-09-18 23:08:44.642432; 2020-09-18 23:01:49.377365; 2020-09-18 23:01:47.190156; 2020-09-18 23:01:04.490759; 2020-09-18 23:00:49.431312,669
MICROSOFTEDGESH.EXE-441EEE8F.pf,MICROSOFTEDGESH.EXE,3,2020-09-19 03:44:53.270451,2020-09-19 03:44:53.270451; 2020-09-18 23:09:47.609033; 2020-09-18 22:44:37.238228; 1601-01-01 00:00:00; 1601-01-01 00:00:00; 1601-01-01 00:00:00; 1601-01-01 00:00:00; 1601-01-01 00:00:00,64
MOBSYNC.EXE-B307E1CC.pf,MOBSYNC.EXE,4,2020-09-19 05:08:26.719378,2020-09-19 05:08:26.719378; 2020-09-19 03:16:10.811527; 2020-09-18 22:52:57.471920; 2020-09-18 05:51:25.959472; 1601-01-01 00:00:00; 1601-01-01 00:00:00; 1601-01-01 00:00:00; 1601-01-01 00:00:00,45
MOUSOCOREWORKER.EXE-4429AC2B.pf,MOUSOCOREWORKER.EXE,10,2020-09-19 04:52:13.874508,2020-09-19 04:52:13.874508; 2020-09-19 03:52:13.802928; 2020-09-19 03:29:10.763276; 2020-09-19 03:21:07.156709; 2020-09-19 03:17:00.811897; 2020-09-18 23:01:45.752573; 2020-09-18 22:52:31.112629; 2020-09-18 22:47:39.315190,113
MPCMDRUN.EXE-2C9109F9.pf,MPCMDRUN.EXE,5,2020-09-18 22:52:57.143728,2020-09-18 22:52:57.143728; 2020-09-18 22:52:48.519217; 2020-09-18 22:52:42.175015; 2020-09-18 22:52:42.143771; 2020-09-18 22:52:42.084136; 1601-01-01 00:00:00; 1601-01-01 00:00:00; 1601-01-01 00:00:00,56
MPCMDRUN.EXE-744C39EC.pf,MPCMDRUN.EXE,8,2020-09-19 03:39:47.722986,2020-09-19 03:39:47.722986; 2020-09-19 03:39:44.879420; 2020-09-19 01:34:12.541766; 2020-09-19 01:34:12.557315; 2020-09-19 01:34:12.479792; 2020-09-18 23:09:41.112195; 2020-09-18 23:09:41.143758; 2020-09-18 23:09:41.050059,61
MSCORSVW.EXE-16B291C4.pf,MSCORSVW.EXE,11,2020-09-19 01:34:53.046395,2020-09-19 01:34:53.046395; 2020-09-19 01:34:52.968224; 2020-09-19 01:34:52.922273; 2020-09-19 01:34:51.421955; 2020-09-19 01:34:51.374562; 2020-09-19 01:34:50.983906; 2020-09-19 01:34:50.905734; 2020-09-19 01:34:50.624526,110
MSCORSVW.EXE-8CE1A322.pf,MSCORSVW.EXE,10,2020-09-19 01:35:44.140358,2020-09-19 01:35:44.140358; 2020-09-19 01:35:44.108858; 2020-09-19 01:35:44.077949; 2020-09-19 01:35:44.031036; 2020-09-19 01:35:43.999653; 2020-09-19 01:35:43.968239; 2020-09-19 01:35:43.937054; 2020-09-19 01:35:43.874497,73
MSDTC.EXE-7FFD35C4.pf,MSDTC.EXE,1,2020-09-18 05:53:58.210539,2020-09-18 05:53:58.210539; 1601-01-01 00:00:00; 1601-01-01 00:00:00; 1601-01-01 00:00:00; 1601-01-01 00:00:00; 1601-01-01 00:00:00; 1601-01-01 00:00:00; 1601-01-01 00:00:00,56
MSIEXEC.EXE-8FFB1633.pf,MSIEXEC.EXE,4,2020-09-18 05:53:02.134494,2020-09-18 05:53:02.134494; 2020-09-18 05:52:57.384590; 2020-09-18 05:52:44.400099; 2020-09-18 05:52:15.728513; 1601-01-01 00:00:00; 1601-01-01 00:00:00; 1601-01-01 00:00:00; 1601-01-01 00:00:00,127
MSIEXEC.EXE-CDBFC0F7.pf,MSIEXEC.EXE,1,2020-09-18 05:53:03.228487,2020-09-18 05:53:03.228487; 1601-01-01 00:00:00; 1601-01-01 00:00:00; 1601-01-01 00:00:00; 1601-01-01 00:00:00; 1601-01-01 00:00:00; 1601-01-01 00:00:00; 1601-01-01 00:00:00,58
MSINFO32.EXE-C3C668DA.pf,MSINFO32.EXE,1,2020-09-19 05:09:13.183384,2020-09-19 05:09:13.183384; 1601-01-01 00:00:00; 1601-01-01 00:00:00; 1601-01-01 00:00:00; 1601-01-01 00:00:00; 1601-01-01 00:00:00; 1601-01-01 00:00:00; 1601-01-01 00:00:00,79
MSMPENG.EXE-0A0F2761.pf,MSMPENG.EXE,1,2020-09-18 22:52:57.065955,2020-09-18 22:52:57.065955; 1601-01-01 00:00:00; 1601-01-01 00:00:00; 1601-01-01 00:00:00; 1601-01-01 00:00:00; 1601-01-01 00:00:00; 1601-01-01 00:00:00; 1601-01-01 00:00:00,81
NGEN.EXE-4A8DA13E.pf,NGEN.EXE,10,2020-09-19 01:35:44.937058,2020-09-19 01:35:44.937058; 2020-09-19 01:35:44.905739; 2020-09-19 01:35:44.858858; 2020-09-19 01:35:44.827867; 2020-09-19 01:35:44.780744; 2020-09-19 01:35:44.733925; 2020-09-19 01:35:44.702950; 2020-09-19 01:35:44.671396,37
NGEN.EXE-734C6620.pf,NGEN.EXE,10,2020-09-19 01:35:44.765108,2020-09-19 01:35:44.765108; 2020-09-19 01:35:44.718627; 2020-09-19 01:35:44.562650; 2020-09-19 01:35:44.530803; 2020-09-19 01:35:44.499537; 2020-09-19 01:35:44.452660; 2020-09-19 01:35:44.422038; 2020-09-19 01:35:44.390114,32
NGENTASK.EXE-0E6CEC17.pf,NGENTASK.EXE,1,2020-09-19 01:34:09.998197,2020-09-19 01:34:09.998197; 1601-01-01 00:00:00; 1601-01-01 00:00:00; 1601-01-01 00:00:00; 1601-01-01 00:00:00; 1601-01-01 00:00:00; 1601-01-01 00:00:00; 1601-01-01 00:00:00,55
NGENTASK.EXE-849BFD75.pf,NGENTASK.EXE,1,2020-09-19 01:34:10.013979,2020-09-19 01:34:10.013979; 1601-01-01 00:00:00; 1601-01-01 00:00:00; 1601-01-01 00:00:00; 1601-01-01 00:00:00; 1601-01-01 00:00:00; 1601-01-01 00:00:00; 1601-01-01 00:00:00,59
NOTEPAD.EXE-C5670914.pf,NOTEPAD.EXE,6,2020-09-19 03:47:39.738845,2020-09-19 03:47:39.738845; 2020-09-19 03:45:39.879332; 2020-09-19 03:45:34.507248; 2020-09-18 22:50:37.518407; 2020-09-18 22:48:08.283848; 2020-09-18 22:47:38.408830; 1601-01-01 00:00:00; 1601-01-01 00:00:00,81
ONEDRIVE.EXE-05361D4F.pf,ONEDRIVE.EXE,1,2020-09-19 03:37:34.489606,2020-09-19 03:37:34.489606; 1601-01-01 00:00:00; 1601-01-01 00:00:00; 1601-01-01 00:00:00; 1601-01-01 00:00:00; 1601-01-01 00:00:00; 1601-01-01 00:00:00; 1601-01-01 00:00:00,242
ONEDRIVE.EXE-2DA03F52.pf,ONEDRIVE.EXE,3,2020-09-18 23:00:20.075652,2020-09-18 23:00:20.075652; 2020-09-18 22:47:48.973680; 2020-09-18 22:47:21.956744; 1601-01-01 00:00:00; 1601-01-01 00:00:00; 1601-01-01 00:00:00; 1601-01-01 00:00:00; 1601-01-01 00:00:00,307
ONEDRIVE.EXE-5577B1EF.pf,ONEDRIVE.EXE,5,2020-09-19 03:16:24.468624,2020-09-19 03:16:24.468624; 2020-09-19 01:07:55.068168; 2020-09-18 21:41:10.915792; 2020-09-18 21:40:49.708089; 2020-09-18 05:56:31.330384; 1601-01-01 00:00:00; 1601-01-01 00:00:00; 1601-01-01 00:00:00,415
ONEDRIVE.EXE-DC5EBEAB.pf,ONEDRIVE.EXE,4,2020-09-19 05:08:37.703466,2020-09-19 05:08:37.703466; 2020-09-18 22:53:09.065770; 2020-09-18 22:45:24.722545; 2020-09-18 22:44:57.816598; 1601-01-01 00:00:00; 1601-01-01 00:00:00; 1601-01-01 00:00:00; 1601-01-01 00:00:00,309
ONEDRIVESETUP.EXE-5D730BD3.pf,ONEDRIVESETUP.EXE,2,2020-09-18 22:45:12.066354,2020-09-18 22:45:12.066354; 2020-09-18 22:45:19.894478; 1601-01-01 00:00:00; 1601-01-01 00:00:00; 1601-01-01 00:00:00; 1601-01-01 00:00:00; 1601-01-01 00:00:00; 1601-01-01 00:00:00,106
ONEDRIVESETUP.EXE-630E10DA.pf,ONEDRIVESETUP.EXE,2,2020-09-18 22:47:36.018764,2020-09-18 22:47:36.018764; 2020-09-18 22:47:44.018438; 1601-01-01 00:00:00; 1601-01-01 00:00:00; 1601-01-01 00:00:00; 1601-01-01 00:00:00; 1601-01-01 00:00:00; 1601-01-01 00:00:00,106
ONEDRIVESETUP.EXE-808CE70A.pf,ONEDRIVESETUP.EXE,5,2020-09-18 22:47:19.113594,2020-09-18 22:47:19.113594; 2020-09-18 22:47:17.893563; 2020-09-18 22:44:53.831905; 2020-09-18 22:44:52.144348; 2020-09-18 05:51:52.203633; 1601-01-01 00:00:00; 1601-01-01 00:00:00; 1601-01-01 00:00:00,136
ONEDRIVESETUP.EXE-86A71997.pf,ONEDRIVESETUP.EXE,2,2020-09-18 21:40:59.127578,2020-09-18 21:40:59.127578; 2020-09-18 21:41:00.408978; 1601-01-01 00:00:00; 1601-01-01 00:00:00; 1601-01-01 00:00:00; 1601-01-01 00:00:00; 1601-01-01 00:00:00; 1601-01-01 00:00:00,112
ONEDRIVESETUP.EXE-87A620F7.pf,ONEDRIVESETUP.EXE,1,2020-09-19 03:37:29.145367,2020-09-19 03:37:29.145367; 1601-01-01 00:00:00; 1601-01-01 00:00:00; 1601-01-01 00:00:00; 1601-01-01 00:00:00; 1601-01-01 00:00:00; 1601-01-01 00:00:00; 1601-01-01 00:00:00,81
OOBENETWORKCONNECTIONFLOW.EXE-B565255B.pf,OOBENETWORKCONNECTIONFLOW.EXE,1,2020-09-18 05:47:55.897442,2020-09-18 05:47:55.897442; 1601-01-01 00:00:00; 1601-01-01 00:00:00; 1601-01-01 00:00:00; 1601-01-01 00:00:00; 1601-01-01 00:00:00; 1601-01-01 00:00:00; 1601-01-01 00:00:00,138
Op-SEARCHAPP.EXE-DD93808B-00000001.pf,Op-SEARCHAPP.EXE-DD93808B,1,2020-09-18 22:52:52.253015,2020-09-18 22:52:52.253015; 1601-01-01 00:00:00; 1601-01-01 00:00:00; 1601-01-01 00:00:00; 1601-01-01 00:00:00; 1601-01-01 00:00:00; 1601-01-01 00:00:00; 1601-01-01 00:00:00,137
PICKERHOST.EXE-DE4B8E61.pf,PICKERHOST.EXE,3,2020-09-19 03:39:57.986829,2020-09-19 03:39:57.986829; 2020-09-18 23:07:36.546730; 2020-09-18 23:01:05.865509; 1601-01-01 00:00:00; 1601-01-01 00:00:00; 1601-01-01 00:00:00; 1601-01-01 00:00:00; 1601-01-01 00:00:00,225
POWERSHELL.EXE-CA1AE517.pf,POWERSHELL.EXE,2,2020-09-19 05:08:43.031392,2020-09-19 05:08:43.031392; 2020-09-19 05:08:37.656394; 1601-01-01 00:00:00; 1601-01-01 00:00:00; 1601-01-01 00:00:00; 1601-01-01 00:00:00; 1601-01-01 00:00:00; 1601-01-01 00:00:00,199
RUNDLL32.EXE-15665F3A.pf,RUNDLL32.EXE,1,2020-09-18 05:54:02.162656,2020-09-18 05:54:02.162656; 1601-01-01 00:00:00; 1601-01-01 00:00:00; 1601-01-01 00:00:00; 1601-01-01 00:00:00; 1601-01-01 00:00:00; 1601-01-01 00:00:00; 1601-01-01 00:00:00,48
RUNDLL32.EXE-52A71BD0.pf,RUNDLL32.EXE,9,2020-09-19 05:08:50.218771,2020-09-19 05:08:50.218771; 2020-09-19 05:08:18.202063; 2020-09-19 03:40:45.770053; 2020-09-19 03:39:36.722831; 2020-09-19 03:16:34.296250; 2020-09-18 23:00:34.663683; 2020-09-18 22:53:22.221802; 2020-09-18 21:41:15.493592,45
RUNDLL32.EXE-90265CDD.pf,RUNDLL32.EXE,1,2020-09-19 03:16:33.921160,2020-09-19 03:16:33.921160; 1601-01-01 00:00:00; 1601-01-01 00:00:00; 1601-01-01 00:00:00; 1601-01-01 00:00:00; 1601-01-01 00:00:00; 1601-01-01 00:00:00; 1601-01-01 00:00:00,49
RUNDLL32.EXE-BF72C764.pf,RUNDLL32.EXE,2,2020-09-18 22:45:43.863408,2020-09-18 22:45:43.863408; 2020-09-18 05:51:40.576008; 1601-01-01 00:00:00; 1601-01-01 00:00:00; 1601-01-01 00:00:00; 1601-01-01 00:00:00; 1601-01-01 00:00:00; 1601-01-01 00:00:00,26
RUNDLL32.EXE-C0B1E5EB.pf,RUNDLL32.EXE,1,2020-09-18 05:54:01.709557,2020-09-18 05:54:01.709557; 1601-01-01 00:00:00; 1601-01-01 00:00:00; 1601-01-01 00:00:00; 1601-01-01 00:00:00; 1601-01-01 00:00:00; 1601-01-01 00:00:00; 1601-01-01 00:00:00,46
RUNDLL32.EXE-FDCBB5A1.pf,RUNDLL32.EXE,4,2020-09-19 05:09:48.573827,2020-09-19 05:09:48.573827; 2020-09-19 03:38:45.582127; 2020-09-18 22:47:48.502597; 2020-09-18 22:45:27.332170; 1601-01-01 00:00:00; 1601-01-01 00:00:00; 1601-01-01 00:00:00; 1601-01-01 00:00:00,26
RUNTIMEBROKER.EXE-09C87F04.pf,RUNTIMEBROKER.EXE,1,2020-09-19 03:16:54.671167,2020-09-19 03:16:54.671167; 1601-01-01 00:00:00; 1601-01-01 00:00:00; 1601-01-01 00:00:00; 1601-01-01 00:00:00; 1601-01-01 00:00:00; 1601-01-01 00:00:00; 1601-01-01 00:00:00,48
RUNTIMEBROKER.EXE-1163E293.pf,RUNTIMEBROKER.EXE,3,2020-09-18 23:01:49.658389,2020-09-18 23:01:49.658389; 2020-09-18 22:53:37.893863; 2020-09-18 21:41:36.493937; 1601-01-01 00:00:00; 1601-01-01 00:00:00; 1601-01-01 00:00:00; 1601-01-01 00:00:00; 1601-01-01 00:00:00,36
RUNTIMEBROKER.EXE-175F5C00.pf,RUNTIMEBROKER.EXE,2,2020-09-18 21:41:37.211969,2020-09-18 21:41:37.211969; 2020-09-18 05:47:28.686255; 1601-01-01 00:00:00; 1601-01-01 00:00:00; 1601-01-01 00:00:00; 1601-01-01 00:00:00; 1601-01-01 00:00:00; 1601-01-01 00:00:00,99
RUNTIMEBROKER.EXE-20710195.pf,RUNTIMEBROKER.EXE,4,2020-09-19 01:08:22.282184,2020-09-19 01:08:22.282184; 2020-09-18 23:01:54.017892; 2020-09-18 22:53:34.909402; 2020-09-18 21:41:34.539935; 1601-01-01 00:00:00; 1601-01-01 00:00:00; 1601-01-01 00:00:00; 1601-01-01 00:00:00,96
RUNTIMEBROKER.EXE-22F13460.pf,RUNTIMEBROKER.EXE,5,2020-09-19 01:07:39.037572,2020-09-19 01:07:39.037572; 2020-09-18 23:00:03.781442; 2020-09-18 22:47:03.377560; 2020-09-18 22:44:36.659961; 2020-09-18 05:51:13.143927; 1601-01-01 00:00:00; 1601-01-01 00:00:00; 1601-01-01 00:00:00,106
RUNTIMEBROKER.EXE-29D58CE3.pf,RUNTIMEBROKER.EXE,3,2020-09-18 23:00:46.587607,2020-09-18 23:00:46.587607; 2020-09-18 22:53:23.487513; 2020-09-18 21:41:17.243604; 1601-01-01 00:00:00; 1601-01-01 00:00:00; 1601-01-01 00:00:00; 1601-01-01 00:00:00; 1601-01-01 00:00:00,46
RUNTIMEBROKER.EXE-3DE22D03.pf,RUNTIMEBROKER.EXE,1,2020-09-18 05:47:57.319372,2020-09-18 05:47:57.319372; 1601-01-01 00:00:00; 1601-01-01 00:00:00; 1601-01-01 00:00:00; 1601-01-01 00:00:00; 1601-01-01 00:00:00; 1601-01-01 00:00:00; 1601-01-01 00:00:00,47
RUNTIMEBROKER.EXE-4551A062.pf,RUNTIMEBROKER.EXE,4,2020-09-19 03:36:48.488401,2020-09-19 03:36:48.488401; 2020-09-19 03:16:09.483734; 2020-09-18 23:00:14.031513; 2020-09-18 05:51:41.904361; 1601-01-01 00:00:00; 1601-01-01 00:00:00; 1601-01-01 00:00:00; 1601-01-01 00:00:00,109
RUNTIMEBROKER.EXE-736BE57C.pf,RUNTIMEBROKER.EXE,7,2020-09-19 03:36:38.066905,2020-09-19 03:36:38.066905; 2020-09-19 01:07:37.411892; 2020-09-18 23:00:02.171830; 2020-09-18 22:46:51.097502; 2020-09-18 22:44:26.516529; 2020-09-18 21:40:34.627142; 2020-09-18 05:50:06.971432; 1601-01-01 00:00:00,155
RUNTIMEBROKER.EXE-79DB8DE5.pf,RUNTIMEBROKER.EXE,2,2020-09-19 03:39:47.722986,2020-09-19 03:39:47.722986; 2020-09-18 05:51:24.862256; 1601-01-01 00:00:00; 1601-01-01 00:00:00; 1601-01-01 00:00:00; 1601-01-01 00:00:00; 1601-01-01 00:00:00; 1601-01-01 00:00:00,50
RUNTIMEBROKER.EXE-7B4A2CEC.pf,RUNTIMEBROKER.EXE,2,2020-09-19 05:09:21.043018,2020-09-19 05:09:21.043018; 2020-09-19 03:16:37.749760; 1601-01-01 00:00:00; 1601-01-01 00:00:00; 1601-01-01 00:00:00; 1601-01-01 00:00:00; 1601-01-01 00:00:00; 1601-01-01 00:00:00,47
RUNTIMEBROKER.EXE-8439541C.pf,RUNTIMEBROKER.EXE,2,2020-09-18 22:53:40.753093,2020-09-18 22:53:40.753093; 2020-09-18 21:41:43.547891; 1601-01-01 00:00:00; 1601-01-01 00:00:00; 1601-01-01 00:00:00; 1601-01-01 00:00:00; 1601-01-01 00:00:00; 1601-01-01 00:00:00,37
RUNTIMEBROKER.EXE-8EC73A74.pf,RUNTIMEBROKER.EXE,1,2020-09-18 05:51:38.482514,2020-09-18 05:51:38.482514; 1601-01-01 00:00:00; 1601-01-01 00:00:00; 1601-01-01 00:00:00; 1601-01-01 00:00:00; 1601-01-01 00:00:00; 1601-01-01 00:00:00; 1601-01-01 00:00:00,80
RUNTIMEBROKER.EXE-97464BA9.pf,RUNTIMEBROKER.EXE,4,2020-09-19 01:08:22.157106,2020-09-19 01:08:22.157106; 2020-09-18 23:01:36.258153; 2020-09-18 22:53:32.409756; 2020-09-18 21:41:30.164905; 1601-01-01 00:00:00; 1601-01-01 00:00:00; 1601-01-01 00:00:00; 1601-01-01 00:00:00,55
RUNTIMEBROKER.EXE-98A50164.pf,RUNTIMEBROKER.EXE,2,2020-09-19 05:09:02.311018,2020-09-19 05:09:02.311018; 2020-09-19 03:16:49.687456; 1601-01-01 00:00:00; 1601-01-01 00:00:00; 1601-01-01 00:00:00; 1601-01-01 00:00:00; 1601-01-01 00:00:00; 1601-01-01 00:00:00,37
RUNTIMEBROKER.EXE-ABA14073.pf,RUNTIMEBROKER.EXE,3,2020-09-18 23:02:46.837204,2020-09-18 23:02:46.837204; 2020-09-18 22:44:39.722618; 2020-09-18 05:51:30.468475; 1601-01-01 00:00:00; 1601-01-01 00:00:00; 1601-01-01 00:00:00; 1601-01-01 00:00:00; 1601-01-01 00:00:00,64
RUNTIMEBROKER.EXE-B324FAB4.pf,RUNTIMEBROKER.EXE,2,2020-09-18 22:53:52.768670,2020-09-18 22:53:52.768670; 2020-09-18 21:41:55.250883; 1601-01-01 00:00:00; 1601-01-01 00:00:00; 1601-01-01 00:00:00; 1601-01-01 00:00:00; 1601-01-01 00:00:00; 1601-01-01 00:00:00,95
RUNTIMEBROKER.EXE-B8717DC8.pf,RUNTIMEBROKER.EXE,2,2020-09-19 05:08:55.156368,2020-09-19 05:08:55.156368; 2020-09-19 03:16:49.264971; 1601-01-01 00:00:00; 1601-01-01 00:00:00; 1601-01-01 00:00:00; 1601-01-01 00:00:00; 1601-01-01 00:00:00; 1601-01-01 00:00:00,53
RUNTIMEBROKER.EXE-BC232995.pf,RUNTIMEBROKER.EXE,4,2020-09-19 05:08:51.375294,2020-09-19 05:08:51.375294; 2020-09-19 03:52:08.942841; 2020-09-19 03:36:44.363880; 2020-09-19 03:16:09.780268; 1601-01-01 00:00:00; 1601-01-01 00:00:00; 1601-01-01 00:00:00; 1601-01-01 00:00:00,118
RUNTIMEBROKER.EXE-C2F50629.pf,RUNTIMEBROKER.EXE,15,2020-09-19 05:16:47.378979,2020-09-19 05:16:47.378979; 2020-09-19 05:10:09.112646; 2020-09-19 03:52:09.005291; 2020-09-19 03:44:06.709883; 2020-09-19 03:36:38.176613; 2020-09-19 01:08:22.391561; 2020-09-18 23:09:37.846053; 2020-09-18 23:02:47.009768,152
RUNTIMEBROKER.EXE-CB688168.pf,RUNTIMEBROKER.EXE,2,2020-09-19 05:09:00.133691,2020-09-19 05:09:00.133691; 2020-09-19 03:16:48.296228; 1601-01-01 00:00:00; 1601-01-01 00:00:00; 1601-01-01 00:00:00; 1601-01-01 00:00:00; 1601-01-01 00:00:00; 1601-01-01 00:00:00,36
RUNTIMEBROKER.EXE-D14F4AE9.pf,RUNTIMEBROKER.EXE,1,2020-09-19 03:40:46.270498,2020-09-19 03:40:46.270498; 1601-01-01 00:00:00; 1601-01-01 00:00:00; 1601-01-01 00:00:00; 1601-01-01 00:00:00; 1601-01-01 00:00:00; 1601-01-01 00:00:00; 1601-01-01 00:00:00,31
RUNTIMEBROKER.EXE-D445751A.pf,RUNTIMEBROKER.EXE,3,2020-09-19 05:09:19.026958,2020-09-19 05:09:19.026958; 2020-09-19 03:36:46.395481; 2020-09-19 03:16:57.202417; 1601-01-01 00:00:00; 1601-01-01 00:00:00; 1601-01-01 00:00:00; 1601-01-01 00:00:00; 1601-01-01 00:00:00,134
RUNTIMEBROKER.EXE-D677D422.pf,RUNTIMEBROKER.EXE,2,2020-09-18 22:46:53.253851,2020-09-18 22:46:53.253851; 2020-09-18 05:50:12.549428; 1601-01-01 00:00:00; 1601-01-01 00:00:00; 1601-01-01 00:00:00; 1601-01-01 00:00:00; 1601-01-01 00:00:00; 1601-01-01 00:00:00,65
RUNTIMEBROKER.EXE-D8B344F8.pf,RUNTIMEBROKER.EXE,8,2020-09-19 03:51:27.192305,2020-09-19 03:51:27.192305; 2020-09-19 03:36:45.160780; 2020-09-19 01:08:07.896345; 2020-09-18 23:02:17.112247; 2020-09-18 22:54:39.706193; 2020-09-18 22:44:42.662636; 2020-09-18 21:42:13.016871; 2020-09-18 05:51:40.294651,81
RUNTIMEBROKER.EXE-FAE12471.pf,RUNTIMEBROKER.EXE,6,2020-09-19 01:07:38.037209,2020-09-19 01:07:38.037209; 2020-09-18 23:00:02.860311; 2020-09-18 22:46:52.332670; 2020-09-18 22:44:28.548185; 2020-09-18 21:40:35.345988; 2020-09-18 05:50:09.736981; 1601-01-01 00:00:00; 1601-01-01 00:00:00,239
SC.EXE-6C4D4413.pf,SC.EXE,1,2020-09-19 03:42:42.660809,2020-09-19 03:42:42.660809; 1601-01-01 00:00:00; 1601-01-01 00:00:00; 1601-01-01 00:00:00; 1601-01-01 00:00:00; 1601-01-01 00:00:00; 1601-01-01 00:00:00; 1601-01-01 00:00:00,9
SEARCHAPP.EXE-416B9235.pf,SEARCHAPP.EXE,7,2020-09-19 03:36:39.207860,2020-09-19 03:36:39.207860; 2020-09-19 01:07:37.771867; 2020-09-18 23:00:02.468793; 2020-09-18 22:46:52.176224; 2020-09-18 22:44:28.220076; 2020-09-18 21:40:35.064870; 2020-09-18 05:50:09.596389; 1601-01-01 00:00:00,814
SEARCHFILTERHOST.EXE-44162447.pf,SEARCHFILTERHOST.EXE,10,2020-09-19 03:47:48.942051,2020-09-19 03:47:48.942051; 2020-09-19 03:44:52.535375; 2020-09-19 03:40:46.722863; 2020-09-19 03:38:26.961983; 2020-09-18 23:07:36.191621; 2020-09-18 23:05:00.989013; 2020-09-18 23:02:56.108166; 2020-09-18 23:00:15.361418,32
SEARCHPROTOCOLHOST.EXE-69C456C3.pf,SEARCHPROTOCOLHOST.EXE,10,2020-09-19 03:46:16.289375,2020-09-19 03:46:16.289375; 2020-09-19 03:44:52.473453; 2020-09-19 03:39:07.083280; 2020-09-18 23:07:44.022252; 2020-09-18 23:00:33.613323; 2020-09-18 23:00:15.330488; 2020-09-18 22:52:19.003734; 2020-09-18 22:52:18.924917,41
SECHEALTHUI.EXE-290FDD39.pf,SECHEALTHUI.EXE,1,2020-09-19 03:39:37.238696,2020-09-19 03:39:37.238696; 1601-01-01 00:00:00; 1601-01-01 00:00:00; 1601-01-01 00:00:00; 1601-01-01 00:00:00; 1601-01-01 00:00:00; 1601-01-01 00:00:00; 1601-01-01 00:00:00,124
SECURITYHEALTHHOST.EXE-06344EE9.pf,SECURITYHEALTHHOST.EXE,4,2020-09-19 05:10:23.487584,2020-09-19 05:10:23.487584; 2020-09-19 03:39:44.222993; 2020-09-19 03:39:37.660590; 2020-09-19 03:39:47.254557; 1601-01-01 00:00:00; 1601-01-01 00:00:00; 1601-01-01 00:00:00; 1601-01-01 00:00:00,48
SECURITYHEALTHSERVICE.EXE-91B5FB98.pf,SECURITYHEALTHSERVICE.EXE,4,2020-09-19 01:07:49.927579,2020-09-19 01:07:49.927579; 2020-09-18 23:00:15.111287; 2020-09-18 22:44:48.144943; 2020-09-18 21:40:47.815863; 1601-01-01 00:00:00; 1601-01-01 00:00:00; 1601-01-01 00:00:00; 1601-01-01 00:00:00,73
SECURITYHEALTHSYSTRAY.EXE-E527A4AE.pf,SECURITYHEALTHSYSTRAY.EXE,8,2020-09-19 05:08:33.578208,2020-09-19 05:08:33.578208; 2020-09-19 01:07:49.896449; 2020-09-18 23:00:14.986272; 2020-09-18 22:53:04.299898; 2020-09-18 22:47:14.393950; 2020-09-18 22:44:48.113215; 2020-09-18 21:40:47.736415; 2020-09-18 05:51:31.795047,37
SETTINGSYNCHOST.EXE-0130E42A.pf,SETTINGSYNCHOST.EXE,4,2020-09-19 03:36:40.347664,2020-09-19 03:36:40.347664; 2020-09-18 22:47:02.815952; 2020-09-18 22:44:35.706857; 2020-09-18 05:51:20.362036; 1601-01-01 00:00:00; 1601-01-01 00:00:00; 1601-01-01 00:00:00; 1601-01-01 00:00:00,37
SETUP64.EXE-6C6157AB.pf,SETUP64.EXE,1,2020-09-18 05:52:04.947404,2020-09-18 05:52:04.947404; 1601-01-01 00:00:00; 1601-01-01 00:00:00; 1601-01-01 00:00:00; 1601-01-01 00:00:00; 1601-01-01 00:00:00; 1601-01-01 00:00:00; 1601-01-01 00:00:00,43
SGRMBROKER.EXE-32481FEB.pf,SGRMBROKER.EXE,2,2020-09-18 23:01:38.887340,2020-09-18 23:01:38.887340; 2020-09-18 05:48:48.049423; 1601-01-01 00:00:00; 1601-01-01 00:00:00; 1601-01-01 00:00:00; 1601-01-01 00:00:00; 1601-01-01 00:00:00; 1601-01-01 00:00:00,22
SHELLEXPERIENCEHOST.EXE-742D3712.pf,SHELLEXPERIENCEHOST.EXE,3,2020-09-19 05:08:59.345376,2020-09-19 05:08:59.345376; 2020-09-19 03:39:47.503971; 2020-09-18 05:51:23.846478; 1601-01-01 00:00:00; 1601-01-01 00:00:00; 1601-01-01 00:00:00; 1601-01-01 00:00:00; 1601-01-01 00:00:00,143
SIHOST.EXE-115B507F.pf,SIHOST.EXE,4,2020-09-19 05:08:15.920576,2020-09-19 05:08:15.920576; 2020-09-19 03:15:59.092850; 2020-09-18 22:46:41.019586; 2020-09-18 05:49:40.300425; 1601-01-01 00:00:00; 1601-01-01 00:00:00; 1601-01-01 00:00:00; 1601-01-01 00:00:00,88
SLUI.EXE-3E441AEE.pf,SLUI.EXE,5,2020-09-18 04:58:16.642173,2020-09-18 04:58:16.642173; 2020-09-18 04:58:03.236161; 2020-09-18 05:57:59.845864; 2020-09-18 05:58:01.299040; 2020-09-18 05:51:26.739455; 1601-01-01 00:00:00; 1601-01-01 00:00:00; 1601-01-01 00:00:00,96
SMARTSCREEN.EXE-EACC1250.pf,SMARTSCREEN.EXE,5,2020-09-19 05:08:33.515667,2020-09-19 05:08:33.515667; 2020-09-19 03:16:17.624407; 2020-09-19 01:07:49.833752; 2020-09-18 22:52:59.253469; 2020-09-18 21:40:47.673724; 1601-01-01 00:00:00; 1601-01-01 00:00:00; 1601-01-01 00:00:00,112
SMSS.EXE-B5B810DB.pf,SMSS.EXE,5,2020-09-19 03:36:23.016226,2020-09-19 03:36:23.016226; 2020-09-19 03:17:00.811897; 2020-09-18 22:52:31.143581; 2020-09-18 22:45:55.956786; 2020-09-18 05:49:38.503261; 1601-01-01 00:00:00; 1601-01-01 00:00:00; 1601-01-01 00:00:00,11
SNIPPINGTOOL.EXE-B23F9DB3.pf,SNIPPINGTOOL.EXE,1,2020-09-19 05:09:09.150531,2020-09-19 05:09:09.150531; 1601-01-01 00:00:00; 1601-01-01 00:00:00; 1601-01-01 00:00:00; 1601-01-01 00:00:00; 1601-01-01 00:00:00; 1601-01-01 00:00:00; 1601-01-01 00:00:00,67
SPPEXTCOMOBJ.EXE-7D45A1AB.pf,SPPEXTCOMOBJ.EXE,1,2020-09-18 05:51:26.546706,2020-09-18 05:51:26.546706; 1601-01-01 00:00:00; 1601-01-01 00:00:00; 1601-01-01 00:00:00; 1601-01-01 00:00:00; 1601-01-01 00:00:00; 1601-01-01 00:00:00; 1601-01-01 00:00:00,38
SPPSVC.EXE-96070FE0.pf,SPPSVC.EXE,8,2020-09-19 05:12:53.615246,2020-09-19 05:12:53.615246; 2020-09-19 04:42:53.239573; 2020-09-19 04:12:52.919065; 2020-09-19 03:42:52.429225; 2020-09-19 01:54:11.645780; 2020-09-19 01:31:21.388523; 2020-09-18 23:01:45.455655; 2020-09-18 22:47:39.893308,49
STARTMENUEXPERIENCEHOST.EXE-E7421EF8.pf,STARTMENUEXPERIENCEHOST.EXE,5,2020-09-19 03:36:37.894914,2020-09-19 03:36:37.894914; 2020-09-19 01:07:37.255810; 2020-09-18 23:00:01.969247; 2020-09-18 22:44:26.266295; 2020-09-18 05:50:06.128469; 1601-01-01 00:00:00; 1601-01-01 00:00:00; 1601-01-01 00:00:00,332
SVCHOST.EXE-12871F9D.pf,SVCHOST.EXE,3,2020-09-19 05:08:15.936255,2020-09-19 05:08:15.936255; 2020-09-19 03:15:59.124132; 2020-09-18 22:46:41.019586; 1601-01-01 00:00:00; 1601-01-01 00:00:00; 1601-01-01 00:00:00; 1601-01-01 00:00:00; 1601-01-01 00:00:00,218
SVCHOST.EXE-15A68A42.pf,SVCHOST.EXE,2,2020-09-18 23:01:45.752573,2020-09-18 23:01:45.752573; 2020-09-18 05:48:49.924396; 1601-01-01 00:00:00; 1601-01-01 00:00:00; 1601-01-01 00:00:00; 1601-01-01 00:00:00; 1601-01-01 00:00:00; 1601-01-01 00:00:00,50
SVCHOST.EXE-38C6A0A6.pf,SVCHOST.EXE,4,2020-09-18 23:01:38.700605,2020-09-18 23:01:38.700605; 2020-09-18 22:52:44.253140; 2020-09-18 21:42:24.736264; 2020-09-18 05:48:45.720799; 1601-01-01 00:00:00; 1601-01-01 00:00:00; 1601-01-01 00:00:00; 1601-01-01 00:00:00,115
SVCHOST.EXE-48571A44.pf,SVCHOST.EXE,3,2020-09-19 03:36:33.473356,2020-09-19 03:36:33.473356; 2020-09-18 22:46:47.378720; 2020-09-18 05:49:56.034017; 1601-01-01 00:00:00; 1601-01-01 00:00:00; 1601-01-01 00:00:00; 1601-01-01 00:00:00; 1601-01-01 00:00:00,54
SVCHOST.EXE-4E8E9E20.pf,SVCHOST.EXE,2,2020-09-19 01:31:39.069461,2020-09-19 01:31:39.069461; 2020-09-18 05:49:09.606477; 1601-01-01 00:00:00; 1601-01-01 00:00:00; 1601-01-01 00:00:00; 1601-01-01 00:00:00; 1601-01-01 00:00:00; 1601-01-01 00:00:00,77
SVCHOST.EXE-508F55FA.pf,SVCHOST.EXE,1,2020-09-18 21:42:16.298332,2020-09-18 21:42:16.298332; 1601-01-01 00:00:00; 1601-01-01 00:00:00; 1601-01-01 00:00:00; 1601-01-01 00:00:00; 1601-01-01 00:00:00; 1601-01-01 00:00:00; 1601-01-01 00:00:00,41
SVCHOST.EXE-509E2EBB.pf,SVCHOST.EXE,2,2020-09-18 22:53:44.597383,2020-09-18 22:53:44.597383; 2020-09-18 21:41:48.673527; 1601-01-01 00:00:00; 1601-01-01 00:00:00; 1601-01-01 00:00:00; 1601-01-01 00:00:00; 1601-01-01 00:00:00; 1601-01-01 00:00:00,59
SVCHOST.EXE-5D15888E.pf,SVCHOST.EXE,3,2020-09-19 05:08:16.451930,2020-09-19 05:08:16.451930; 2020-09-19 03:51:26.551937; 2020-09-19 03:16:00.061758; 1601-01-01 00:00:00; 1601-01-01 00:00:00; 1601-01-01 00:00:00; 1601-01-01 00:00:00; 1601-01-01 00:00:00,239
SVCHOST.EXE-67EC2DA7.pf,SVCHOST.EXE,1,2020-09-19 01:34:09.857262,2020-09-19 01:34:09.857262; 1601-01-01 00:00:00; 1601-01-01 00:00:00; 1601-01-01 00:00:00; 1601-01-01 00:00:00; 1601-01-01 00:00:00; 1601-01-01 00:00:00; 1601-01-01 00:00:00,33
SVCHOST.EXE-6A249820.pf,SVCHOST.EXE,3,2020-09-19 05:18:23.768526,2020-09-19 05:18:23.768526; 2020-09-19 03:46:42.474322; 2020-09-18 05:49:18.044905; 1601-01-01 00:00:00; 1601-01-01 00:00:00; 1601-01-01 00:00:00; 1601-01-01 00:00:00; 1601-01-01 00:00:00,36
SVCHOST.EXE-7C364D53.pf,SVCHOST.EXE,1,2020-09-18 05:48:19.572431,2020-09-18 05:48:19.572431; 1601-01-01 00:00:00; 1601-01-01 00:00:00; 1601-01-01 00:00:00; 1601-01-01 00:00:00; 1601-01-01 00:00:00; 1601-01-01 00:00:00; 1601-01-01 00:00:00,40
SVCHOST.EXE-82D6810D.pf,SVCHOST.EXE,1,2020-09-18 22:53:07.878039,2020-09-18 22:53:07.878039; 1601-01-01 00:00:00; 1601-01-01 00:00:00; 1601-01-01 00:00:00; 1601-01-01 00:00:00; 1601-01-01 00:00:00; 1601-01-01 00:00:00; 1601-01-01 00:00:00,81
SVCHOST.EXE-93307742.pf,SVCHOST.EXE,2,2020-09-19 05:08:16.436204,2020-09-19 05:08:16.436204; 2020-09-19 03:16:00.046010; 1601-01-01 00:00:00; 1601-01-01 00:00:00; 1601-01-01 00:00:00; 1601-01-01 00:00:00; 1601-01-01 00:00:00; 1601-01-01 00:00:00,59
SVCHOST.EXE-B6CF74F4.pf,SVCHOST.EXE,1,2020-09-18 05:47:59.216715,2020-09-18 05:47:59.216715; 1601-01-01 00:00:00; 1601-01-01 00:00:00; 1601-01-01 00:00:00; 1601-01-01 00:00:00; 1601-01-01 00:00:00; 1601-01-01 00:00:00; 1601-01-01 00:00:00,78
SVCHOST.EXE-BC9FA7C9.pf,SVCHOST.EXE,2,2020-09-18 05:51:12.565029,2020-09-18 05:51:12.565029; 2020-09-18 05:47:57.913356; 1601-01-01 00:00:00; 1601-01-01 00:00:00; 1601-01-01 00:00:00; 1601-01-01 00:00:00; 1601-01-01 00:00:00; 1601-01-01 00:00:00,57
SVCHOST.EXE-BF3D5CA5.pf,SVCHOST.EXE,1,2020-09-18 05:48:06.473396,2020-09-18 05:48:06.473396; 1601-01-01 00:00:00; 1601-01-01 00:00:00; 1601-01-01 00:00:00; 1601-01-01 00:00:00; 1601-01-01 00:00:00; 1601-01-01 00:00:00; 1601-01-01 00:00:00,40
SVCHOST.EXE-DAF72364.pf,SVCHOST.EXE,1,2020-09-19 01:31:23.478847,2020-09-19 01:31:23.478847; 1601-01-01 00:00:00; 1601-01-01 00:00:00; 1601-01-01 00:00:00; 1601-01-01 00:00:00; 1601-01-01 00:00:00; 1601-01-01 00:00:00; 1601-01-01 00:00:00,81
SVCHOST.EXE-DF144105.pf,SVCHOST.EXE,3,2020-09-19 05:08:58.453153,2020-09-19 05:08:58.453153; 2020-09-19 03:36:23.972794; 2020-09-18 05:49:39.924448; 1601-01-01 00:00:00; 1601-01-01 00:00:00; 1601-01-01 00:00:00; 1601-01-01 00:00:00; 1601-01-01 00:00:00,48
SVCHOST.EXE-FDC3FC8E.pf,SVCHOST.EXE,5,2020-09-18 23:01:45.845868,2020-09-18 23:01:45.845868; 2020-09-18 22:52:31.534356; 2020-09-18 22:47:39.393401; 2020-09-18 22:45:56.269321; 2020-09-18 05:48:49.861397; 1601-01-01 00:00:00; 1601-01-01 00:00:00; 1601-01-01 00:00:00,34
SYSTEMSETTINGS.EXE-BE0858C5.pf,SYSTEMSETTINGS.EXE,6,2020-09-19 03:16:17.233841,2020-09-19 03:16:17.233841; 2020-09-18 22:52:58.596859; 2020-09-18 22:51:19.112278; 2020-09-18 21:41:09.774937; 2020-09-18 05:56:30.845766; 2020-09-18 05:55:04.705618; 1601-01-01 00:00:00; 1601-01-01 00:00:00,448
SYSTEMSETTINGSADMINFLOWS.EXE-F74198E7.pf,SYSTEMSETTINGSADMINFLOWS.EXE,3,2020-09-18 22:54:25.003145,2020-09-18 22:54:25.003145; 2020-09-18 22:53:03.581144; 2020-09-18 21:41:42.563509; 1601-01-01 00:00:00; 1601-01-01 00:00:00; 1601-01-01 00:00:00; 1601-01-01 00:00:00; 1601-01-01 00:00:00,132
TASKHOSTW.EXE-2E5D4B75.pf,TASKHOSTW.EXE,24,2020-09-19 05:13:16.583734,2020-09-19 05:13:16.583734; 2020-09-19 05:08:16.030375; 2020-09-19 03:49:45.272987; 2020-09-19 03:41:26.474340; 2020-09-19 03:37:32.489004; 2020-09-19 03:26:17.593453; 2020-09-19 03:15:59.217758; 2020-09-19 01:39:12.828175,92
TASKKILL.EXE-BE180FC8.pf,TASKKILL.EXE,1,2020-09-18 22:52:53.003058,2020-09-18 22:52:53.003058; 1601-01-01 00:00:00; 1601-01-01 00:00:00; 1601-01-01 00:00:00; 1601-01-01 00:00:00; 1601-01-01 00:00:00; 1601-01-01 00:00:00; 1601-01-01 00:00:00,47
TEXTINPUTHOST.EXE-00AD3017.pf,TEXTINPUTHOST.EXE,8,2020-09-19 03:39:12.707933,2020-09-19 03:39:12.707933; 2020-09-19 03:16:14.155900; 2020-09-19 01:08:12.005757; 2020-09-18 23:00:25.900555; 2020-09-18 22:52:59.706159; 2020-09-18 22:44:22.329387; 2020-09-18 05:53:49.248690; 2020-09-18 05:48:08.365971,131
TIWORKER.EXE-B4BCBCB8.pf,TIWORKER.EXE,2,2020-09-19 03:51:26.490179,2020-09-19 03:51:26.490179; 2020-09-18 04:58:17.064395; 1601-01-01 00:00:00; 1601-01-01 00:00:00; 1601-01-01 00:00:00; 1601-01-01 00:00:00; 1601-01-01 00:00:00; 1601-01-01 00:00:00,405
TRUSTEDINSTALLER.EXE-766EFF52.pf,TRUSTEDINSTALLER.EXE,2,2020-09-19 03:51:26.473896,2020-09-19 03:51:26.473896; 2020-09-18 05:49:10.997439; 1601-01-01 00:00:00; 1601-01-01 00:00:00; 1601-01-01 00:00:00; 1601-01-01 00:00:00; 1601-01-01 00:00:00; 1601-01-01 00:00:00,33
UPDATEPLATFORM.EXE-C973671D.pf,UPDATEPLATFORM.EXE,1,2020-09-18 22:52:46.925611,2020-09-18 22:52:46.925611; 1601-01-01 00:00:00; 1601-01-01 00:00:00; 1601-01-01 00:00:00; 1601-01-01 00:00:00; 1601-01-01 00:00:00; 1601-01-01 00:00:00; 1601-01-01 00:00:00,53
USERINIT.EXE-5114915C.pf,USERINIT.EXE,3,2020-09-19 05:08:16.217512,2020-09-19 05:08:16.217512; 2020-09-19 03:15:59.843395; 2020-09-18 22:46:41.331863; 1601-01-01 00:00:00; 1601-01-01 00:00:00; 1601-01-01 00:00:00; 1601-01-01 00:00:00; 1601-01-01 00:00:00,25
USEROOBEBROKER.EXE-65584ADF.pf,USEROOBEBROKER.EXE,1,2020-09-18 05:49:09.432421,2020-09-18 05:49:09.432421; 1601-01-01 00:00:00; 1601-01-01 00:00:00; 1601-01-01 00:00:00; 1601-01-01 00:00:00; 1601-01-01 00:00:00; 1601-01-01 00:00:00; 1601-01-01 00:00:00,35
VCREDIST_X64.EXE-0C618270.pf,VCREDIST_X64.EXE,1,2020-09-18 05:52:33.197550,2020-09-18 05:52:33.197550; 1601-01-01 00:00:00; 1601-01-01 00:00:00; 1601-01-01 00:00:00; 1601-01-01 00:00:00; 1601-01-01 00:00:00; 1601-01-01 00:00:00; 1601-01-01 00:00:00,48
VCREDIST_X64.EXE-6C0F7285.pf,VCREDIST_X64.EXE,1,2020-09-18 05:52:33.369565,2020-09-18 05:52:33.369565; 1601-01-01 00:00:00; 1601-01-01 00:00:00; 1601-01-01 00:00:00; 1601-01-01 00:00:00; 1601-01-01 00:00:00; 1601-01-01 00:00:00; 1601-01-01 00:00:00,135
VCREDIST_X86.EXE-7DFD89B3.pf,VCREDIST_X86.EXE,1,2020-09-18 05:52:09.790734,2020-09-18 05:52:09.790734; 1601-01-01 00:00:00; 1601-01-01 00:00:00; 1601-01-01 00:00:00; 1601-01-01 00:00:00; 1601-01-01 00:00:00; 1601-01-01 00:00:00; 1601-01-01 00:00:00,137
VCREDIST_X86.EXE-FDF1D9F4.pf,VCREDIST_X86.EXE,1,2020-09-18 05:52:09.150348,2020-09-18 05:52:09.150348; 1601-01-01 00:00:00; 1601-01-01 00:00:00; 1601-01-01 00:00:00; 1601-01-01 00:00:00; 1601-01-01 00:00:00; 1601-01-01 00:00:00; 1601-01-01 00:00:00,49
VC_REDIST.X64.EXE-3C963723.pf,VC_REDIST.X64.EXE,1,2020-09-18 05:52:34.275452,2020-09-18 05:52:34.275452; 1601-01-01 00:00:00; 1601-01-01 00:00:00; 1601-01-01 00:00:00; 1601-01-01 00:00:00; 1601-01-01 00:00:00; 1601-01-01 00:00:00; 1601-01-01 00:00:00,80
VC_REDIST.X86.EXE-0696732B.pf,VC_REDIST.X86.EXE,1,2020-09-18 05:52:13.509481,2020-09-18 05:52:13.509481; 1601-01-01 00:00:00; 1601-01-01 00:00:00; 1601-01-01 00:00:00; 1601-01-01 00:00:00; 1601-01-01 00:00:00; 1601-01-01 00:00:00; 1601-01-01 00:00:00,81
VERCLSID.EXE-AB0FD091.pf,VERCLSID.EXE,2,2020-09-19 03:36:48.020128,2020-09-19 03:36:48.020128; 2020-09-18 05:51:45.966698; 1601-01-01 00:00:00; 1601-01-01 00:00:00; 1601-01-01 00:00:00; 1601-01-01 00:00:00; 1601-01-01 00:00:00; 1601-01-01 00:00:00,31
VGAUTHSERVICE.EXE-779D9D39.pf,VGAUTHSERVICE.EXE,1,2020-09-18 05:53:15.197151,2020-09-18 05:53:15.197151; 1601-01-01 00:00:00; 1601-01-01 00:00:00; 1601-01-01 00:00:00; 1601-01-01 00:00:00; 1601-01-01 00:00:00; 1601-01-01 00:00:00; 1601-01-01 00:00:00,65
VM3DSERVICE.EXE-F9D7A5D4.pf,VM3DSERVICE.EXE,7,2020-09-19 05:08:34.031991,2020-09-19 05:08:34.031991; 2020-09-19 01:07:50.381168; 2020-09-18 23:00:15.440206; 2020-09-18 22:53:04.753833; 2020-09-18 22:47:14.846319; 2020-09-18 22:44:48.551188; 2020-09-18 21:40:48.533274; 1601-01-01 00:00:00,31
VMTOOLSD.EXE-90328040.pf,VMTOOLSD.EXE,9,2020-09-19 05:08:34.500027,2020-09-19 05:08:34.500027; 2020-09-19 01:07:50.740359; 2020-09-18 23:00:15.908697; 2020-09-18 22:53:05.206155; 2020-09-18 22:47:15.190455; 2020-09-18 22:44:49.050641; 2020-09-18 21:40:49.128556; 2020-09-18 05:53:47.682655,526
VMWARERESOLUTIONSET.EXE-38A925F2.pf,VMWARERESOLUTIONSET.EXE,4,2020-09-18 23:09:49.359063,2020-09-18 23:09:49.359063; 2020-09-18 23:07:23.231412; 2020-09-18 05:54:24.367496; 2020-09-18 05:53:50.772652; 1601-01-01 00:00:00; 1601-01-01 00:00:00; 1601-01-01 00:00:00; 1601-01-01 00:00:00,56
WINDOWS.WARP.JITSERVICE.EXE-4173FF0A.pf,WINDOWS.WARP.JITSERVICE.EXE,1,2020-09-18 05:51:12.705763,2020-09-18 05:51:12.705763; 1601-01-01 00:00:00; 1601-01-01 00:00:00; 1601-01-01 00:00:00; 1601-01-01 00:00:00; 1601-01-01 00:00:00; 1601-01-01 00:00:00; 1601-01-01 00:00:00,20
WINLOGON.EXE-DEDDC9B6.pf,WINLOGON.EXE,5,2020-09-19 03:36:23.031709,2020-09-19 03:36:23.031709; 2020-09-19 03:17:00.874732; 2020-09-18 22:52:31.315518; 2020-09-18 22:45:56.019353; 2020-09-18 05:49:38.643102; 1601-01-01 00:00:00; 1601-01-01 00:00:00; 1601-01-01 00:00:00,72
WLRMDR.EXE-A7C36FDD.pf,WLRMDR.EXE,9,2020-09-19 05:08:46.204968,2020-09-19 05:08:46.204968; 2020-09-19 03:36:56.447183; 2020-09-19 03:16:29.843591; 2020-09-19 01:08:05.865335; 2020-09-18 23:00:28.766407; 2020-09-18 22:53:20.004267; 2020-09-18 21:41:14.339369; 2020-09-18 05:50:11.252880,24
WMIADAP.EXE-BB21CD77.pf,WMIADAP.EXE,4,2020-09-18 23:03:37.393621,2020-09-18 23:03:37.393621; 2020-09-18 22:46:39.583804; 2020-09-18 05:54:39.865794; 2020-09-18 05:50:44.894982; 1601-01-01 00:00:00; 1601-01-01 00:00:00; 1601-01-01 00:00:00; 1601-01-01 00:00:00,42
WMIAPSRV.EXE-FC8436DD.pf,WMIAPSRV.EXE,6,2020-09-18 23:02:06.893024,2020-09-18 23:02:06.893024; 2020-09-18 23:02:06.564858; 2020-09-18 22:45:07.581819; 2020-09-18 22:45:07.410083; 2020-09-18 21:40:50.329998; 2020-09-18 05:54:35.965593; 1601-01-01 00:00:00; 1601-01-01 00:00:00,45
WMIPRVSE.EXE-E8B8DD29.pf,WMIPRVSE.EXE,6,2020-09-19 05:09:13.948735,2020-09-19 05:09:13.948735; 2020-09-19 01:31:24.165951; 2020-09-18 21:40:45.095678; 2020-09-18 05:53:51.148584; 2020-09-18 05:47:35.221085; 2020-09-18 05:47:32.812380; 1601-01-01 00:00:00; 1601-01-01 00:00:00,161
WOWREG32.EXE-CC9C92C1.pf,WOWREG32.EXE,1,2020-09-18 05:53:38.701115,2020-09-18 05:53:38.701115; 1601-01-01 00:00:00; 1601-01-01 00:00:00; 1601-01-01 00:00:00; 1601-01-01 00:00:00; 1601-01-01 00:00:00; 1601-01-01 00:00:00; 1601-01-01 00:00:00,33
WSCRIPT.EXE-3FF4D889.pf,WSCRIPT.EXE,1,2020-09-19 01:08:25.440019,2020-09-19 01:08:25.440019; 1601-01-01 00:00:00; 1601-01-01 00:00:00; 1601-01-01 00:00:00; 1601-01-01 00:00:00; 1601-01-01 00:00:00; 1601-01-01 00:00:00; 1601-01-01 00:00:00,76
WUAUCLT.EXE-5D573F0E.pf,WUAUCLT.EXE,1,2020-09-18 22:52:46.846897,2020-09-18 22:52:46.846897; 1601-01-01 00:00:00; 1601-01-01 00:00:00; 1601-01-01 00:00:00; 1601-01-01 00:00:00; 1601-01-01 00:00:00; 1601-01-01 00:00:00; 1601-01-01 00:00:00,47
WUDFHOST.EXE-DEBBE5F1.pf,WUDFHOST.EXE,2,2020-09-19 05:08:59.422692,2020-09-19 05:08:59.422692; 2020-09-19 03:36:23.234730; 1601-01-01 00:00:00; 1601-01-01 00:00:00; 1601-01-01 00:00:00; 1601-01-01 00:00:00; 1601-01-01 00:00:00; 1601-01-01 00:00:00,73
WWAHOST.EXE-65FEAD56.pf,WWAHOST.EXE,2,2020-09-18 21:41:37.133677,2020-09-18 21:41:37.133677; 2020-09-18 05:47:24.905210; 1601-01-01 00:00:00; 1601-01-01 00:00:00; 1601-01-01 00:00:00; 1601-01-01 00:00:00; 1601-01-01 00:00:00; 1601-01-01 00:00:00,385
WWAHOST.EXE-C833417E.pf,WWAHOST.EXE,2,2020-09-18 22:53:53.456176,2020-09-18 22:53:53.456176; 2020-09-18 21:41:56.141607; 1601-01-01 00:00:00; 1601-01-01 00:00:00; 1601-01-01 00:00:00; 1601-01-01 00:00:00; 1601-01-01 00:00:00; 1601-01-01 00:00:00,254
